epoch,train_loss,val_loss
1,0.162121450490997,0.1536111272409942
2,0.1511385909563152,0.15056757684436772
3,0.14678702805423527,0.147860455070973
4,0.14366654265498588,0.14725531277193063
5,0.14096169967124383,0.1483291631443465
6,0.1312517702737876,0.14535305240153415
7,0.1273866233990305,0.1464998477633087
8,0.1244428295735379,0.14632753399983134
9,0.12377869121499788,0.14646586057551458
